{"cameraMode":{"drawMode":0,"name":"Shaded","section":"Shading Mode"},"sceneLighting":true,"audioPlay":false,"sceneViewState":{"m_AlwaysRefresh":false,"showFog":true,"showSkybox":true,"showFlares":true,"showImageEffects":true,"showParticleSystems":true,"showVisualEffectGraphs":true,"m_FxEnabled":true},"in2DMode":false,"pivot":{"x":1.4566993713378907,"y":13.485481262207032,"z":10.626689910888672},"rotation":{"x":0.3404849171638489,"y":0.11942822486162186,"z":-0.04364868253469467,"w":0.9316120147705078},"size":39.470314025878909,"orthographic":false}